Month,PDP Base (BOE/d),Midland new pads (BOE/d),Delaware new pads (BOE/d),New pads total (BOE/d),Total (BOE/d),BOE / month,Revenue Oil,Revenue NGL,Revenue Gas,Revenue,OPEX,EBITDA,CAPEX,Net Operating Cash Flow,SEC Net Cash Flow,Discount Factor,PV (all-in),PV (SEC)
0,138000.0,4023.36,1638.1799999999998,5661.539999999999,143661.54,4367310.816,154207997.9886336,16107515.7515712,6013786.993632,176329300.7338368,63719064.805439994,112610235.9283968,72828000.0,39782235.928396806,47425029.856396794,0.9960366175231666,39624563.71162895,47237066.32410065
1,134617.50818082696,7061.506997969568,2971.145663009799,10032.652660979367,144650.16084180633,4397364.8895909125,155269195.30549932,16218361.185789205,6055171.452966687,177542727.9442552,64157553.73913141,113385174.20512378,72828000.0,40557174.20512378,48252562.76190789,0.988156915513073,40076852.164461486,47681103.58440787
2,131405.1254144244,9524.93713151718,4093.435308466455,13618.372439983636,145023.49785440805,4408714.334774004,155669939.6751362,16260220.209513484,6070799.638983805,178000959.5236335,64323142.14435272,113677817.37928079,72828000.0,40849817.37928079,48565067.465135306,0.980339550271202,40046691.598264866,47610256.39766133
3,128350.15882346367,11608.67009408542,5061.710868743519,16670.38096282894,145020.53978629262,4408624.409503295,155666764.44979757,16259888.547130056,6070675.811886038,177997328.80881366,64321830.13465308,113675498.67416058,72828000.0,40847498.674160585,48562591.39079136,0.9725840286478552,39727624.82070302,47231200.77643551
4,125441.15559801352,13421.397973686984,5912.574280740464,19333.97225442745,144775.127852441,4401163.886714206,155403336.37432396,16232372.646979338,6060402.672005462,177696111.69330877,64212981.10716026,113483130.5861485,72828000.0,40655130.5861485,48357167.387898356,0.9648898613946685,39227723.31625097,46659340.53834803
5,122667.75461826388,15030.211171309043,6671.020002159377,21701.231173468423,144368.98579173232,4388817.168068662,154967378.67763725,16186835.479270842,6043401.240430549,177197615.39733863,64032842.48212178,113164772.91521685,72828000.0,40336772.91521685,48017202.959336996,0.9572565631337503,38612640.60872702,45964782.67615068
6,120020.55893463374,16479.581018486788,7354.8643178236,23834.44533631039,143855.00427094413,4373192.129836702,154415664.82768202,16129207.213263726,6021885.562785139,176566757.6037309,63804873.17431748,112761884.42941341,72828000.0,39933884.42941341,47586970.65662764,0.9496836523270601,37924557.216532044,45192568.09636677
7,117491.02575710946,17800.581406555975,7977.2482102926115,25777.829616848587,143268.85537395804,4355373.203368324,153786485.66165417,16063487.448663052,5997348.901038182,175847322.0113554,63544895.03714384,112302426.97421156,72828000.0,39474426.97421156,47096330.080106124,0.9421706512460324,37191646.56985685,44372779.98287169
8,115071.37120694756,19015.825222956013,8548.138088855001,27563.963311811018,142635.33451875858,4336114.169370261,153106456.87479618,15992456.2794714,5970829.21122285,175069742.36549044,63263905.73111211,111805836.63437833,72828000.0,38977836.63437833,46566036.43077628,0.9347170859414398,36433249.875187606,43526069.87641813
9,112754.48756622017,20142.30830214128,9075.26983309851,29217.57813523979,141972.06570145994,4315950.797324382,152394496.273205,15918089.730691785,5943064.247915673,174255650.2518125,62969722.132962726,111285928.11884975,72828000.0,38457928.118849754,46010842.01416743,0.9273224862134931,35662901.51779156,42666888.40935399
10,110533.87114968512,21193.14515164136,9564.766645534795,30757.91179717615,141291.78294686126,4295270.201584582,151664272.709871,15841815.557484256,5914587.067581969,173420675.33493724,62667992.24111906,110752683.09381819,72828000.0,37924683.09381819,45441405.9465912,0.9199863855821813,34890192.12383145,41805474.812577076
11,108403.55923879318,22178.678803246818,10021.557111215716,32200.235914462533,140603.79515325572,4274355.372658974,150925778.4664393,15764677.485440828,5885787.348151407,172576243.30003154,62362844.88709442,110213398.41293712,72828000.0,37385398.41293712,44865520.31509033,0.9127083212578422,34121964.225027435,40949133.729145706
12,106358.07477449357,23107.21826955755,10449.666217962222,33556.88448751977,139914.95926201332,4253414.761565205,150186373.8649628,15687444.323604789,5856952.126675287,171730770.31524286,62057321.37123634,109673448.94400652,72828000.0,36845448.94400652,44288924.77674563,0.9054878341119694,33363105.761191614,40103082.57124334
13,104392.37771569307,23985.544628371932,10852.422968541085,34837.96759691302,139230.3453126061,4232602.497503226,149451501.1458399,15610684.5312914,5828293.639061942,170890479.31619322,61753670.438572064,109136808.87762116,72828000.0,36308808.87762116,43715863.248251796,0.898324468648248,32617091.442239817,39271029.62398527
14,102501.82214299226,24819.268009179035,11232.611690376374,36051.87969955541,138553.70184254766,4212032.536013449,148725184.03362048,15534818.3993248,5799968.802090518,170059971.2350358,61453554.70043621,108606416.5345996,72828000.0,35778416.5345996,43149473.472623125,0.8912177729738198,31886360.70449555,38455577.6532641
15,100682.11832993734,25613.085452204898,11592.584405874091,37205.66985807899,137887.78818801633,4191788.760915696,148010384.43242887,15460155.30800927,5772093.123780914,169242632.86421904,61158198.02176001,108084434.84245902,72828000.0,35256434.84245902,42592065.17406151,0.8841672987707772,31172586.758944906,37658511.21401885
16,98929.29912222845,26370.971056930448,11934.345688708543,38305.31674563899,137234.61586786743,4171932.3223831696,147309261.53042078,15386920.791413609,5744750.807921625,168440933.129756,60868492.58357044,107572440.54618555,72828000.0,34744440.54618555,42045322.11035611,0.8771726012678803,30476871.293494795,36881004.56668699
17,97239.69006367166,27096.318773624575,12259.617705186414,39355.93647881099,136595.62654248264,4152507.0468914723,146623362.82291916,15315276.490345132,5718002.203569558,167656641.51683384,60585077.81414658,107071563.70268726,72828000.0,34243563.70268726,41510451.03474733,0.8702332392125,29799887.363169126,36123774.26514004
18,95609.88278979814,27792.05137539806,12569.890739975335,40361.94211537339,135971.82490517152,4133543.4771172144,145953766.759618,15245335.052303713,5691889.367990405,166890991.17991212,60308399.33114015,106582591.84877196,72828000.0,33754591.84877196,40988292.933727086,0.8633487748427816,29141985.517955415,35387192.48723032
19,94036.71127891564,28460.704826683323,12866.462923698678,41327.167750382,135363.87902929765,4115061.9224906485,145301190.4583758,15177171.38253001,5666440.267269623,166144802.10817543,60038753.44913856,106106048.65903687,72828000.0,33278048.659036875,40479407.02339551,0.8565187738600293,28503273.433892656,34671372.07025978
20,92517.23060825437,29104.49445338416,13150.471815381625,42254.966268765784,134772.19687702015,4097074.7850614125,144666071.83060446,15110831.222263502,5641671.979029565,165418575.03189754,59776321.11404601,105642253.91785154,72828000.0,32814253.917851537,39984134.791709006,0.8497428054013085,27883676.181306046,33976230.869450875
21,91048.69791172544,29725.367449956542,13422.919762728176,43148.28721268472,134196.9851244102,4079588.3477820694,144048632.72484577,15046337.744289828,5617593.154895909,164712563.62403148,59521193.994140394,105191369.6298911,72828000.0,32363369.629891098,39502649.238509715,0.8430204420122662,27282982.170397148,33301540.82170397
22,89628.55527716632,30325.044988896407,13684.69445397256,44009.739442868966,133638.29472003528,4062604.1594890724,143448927.82989538,14983696.661027597,5594205.927616452,164026830.41853943,59273394.686945565,104753435.73159388,72828000.0,31925435.731593877,39034993.01069975,0.8363512596201644,26700878.388041146,32646965.57376305
23,88254.41435606318,30905.0563198343,13936.585714234674,44841.64203406897,133096.05639013214,4046120.114260017,142866882.7864755,14922900.205413794,5571507.397336043,163361290.38922533,59032892.467053644,104328397.92217168,72828000.0,31500397.922171682,38581108.12212671,0.8297348375071291,26136977.551363025,32012089.478557784
24,86924.04248864666,31466.76662769971,14179.299339980544,45646.06596768025,132570.1084563269,4030131.297072338,142302324.04710543,14863930.249862196,5549490.79606861,162715745.09303623,58799615.62428541,103916129.46875083,72828000.0,31088129.468750834,38140859.23862742,0.8231707582836083,25590839.10841061,31396440.0210493
25,85635.35017279779,32011.39997824283,14413.468576335968,46424.8685545788,132060.21872737657,4014630.6493122475,141755002.37495574,14806760.76079343,5528146.404102964,162089909.5398521,58573461.17346569,103516448.36638641,72828000.0,30688448.366386414,37714052.002682865,0.8166586078620433,25061985.520339325,30799505.20534769
26,84386.3797270737,32540.05835968401,14639.663702794098,47179.72206247811,131566.10178955182,3999609.494402375,141224611.40355012,14751359.73725484,5507462.27379207,161483433.414597,58354302.52333065,103129130.89126635,72828000.0,30301130.891266346,37300447.5064705,0.810197975430745,24549914.901366,30220747.05240318
27,83175.29501694589,33053.73759485596,14858.400089086686,47912.137683942645,131087.43270088854,3985057.9541070117,140710802.33633694,14697690.74633748,5487424.802805356,160895917.88547978,58141995.5504213,102753922.33505848,72828000.0,29925922.33505848,36899773.75474575,0.803788453427979,24054110.83110247,29659612.078169417
28,82000.37212951176,33553.340724184935,15070.145004823053,48623.48572900799,130623.85785851974,3970965.278899,140213195.61181214,14645714.141635293,5468019.189043923,160326928.94249135,57936383.41913641,102390545.52335495,72828000.0,29562545.523354948,36511734.76142819,0.7974296375162546,23574049.960746713,29115539.415895317
29,80859.99089589527,34039.689329241075,15275.323407048012,49315.012736289085,130175.00363218437,3957320.1104184045,139731390.1708297,14595388.031245159,5449229.792046143,159776007.99412102,57737300.41100452,102038707.5831165,72828000.0,29210707.5831165,36136017.77634871,0.7911211265568179,23109207.89067691,28587967.092502188
30,79752.62717262405,34513.5331675435,15474.32288423901,49987.85605178251,129740.48322440656,3944110.690021959,139264970.82039937,14546669.04693899,5431040.420160237,159242680.2874986,57544574.967420384,101698105.32007821,72828000.0,28870105.32007821,35772299.027616635,0.7848625225843467,22659063.68879235,28076336.853456765
31,78676.84580373738,34975.55841348516,15667.497899942033,50643.056313427194,129319.90211716456,3931325.0243618023,138813514.08020553,14499512.954851199,5413434.558546202,158726461.59360296,57358032.105438694,101368429.48816426,72828000.0,28540429.48816426,35420248.28079742,0.7786534307818446,22223103.336946428,27580097.842987645
32,77631.2941944776,35426.394741683376,15855.173451687528,51281.568193370906,128912.8623878485,3918951.016590594,138376592.81540725,14453875.13938943,5396395.549845248,158226863.50464192,57177495.33205676,101049368.17258516,72828000.0,28221368.17258516,35079532.4516187,0.7724934594557349,21800822.33021428,27098709.379640646
33,76614.6964353385,35866.62144345794,16037.648239165135,51904.269682623075,128518.96611796157,3906976.5699860314,137953779.8955788,14409710.98542248,5379906.736870765,157743397.61787206,57002788.1560962,100740609.46177587,72828000.0,27912609.46177587,34749818.45925142,0.766382220011151,21391727.60562005,26631643.015785575
34,75625.8479221611,36296.77273134677,16215.197418487369,52511.97014983414,128137.81807199524,3895389.669388655,137544651.07024565,14366976.178639239,5363951.574748178,157275578.82363307,56833735.27638048,100441843.5472526,72828000.0,27613843.547252595,34430775.468682736,0.7603193269274221,20995338.93972623,26178384.029938053
35,74663.61042401387,36717.34235827183,16388.07500570714,53105.417363978966,127769.02778799285,3884178.4447549824,137148787.21292055,14325626.939945327,5348513.718427611,156822927.8712935,56670163.50897519,100152764.36231829,72828000.0,27324764.362318292,34122076.640639514,0.7543043977337535,20611189.925535228,25738432.469842564
36,73726.90755589466,37128.787655442255,16556.515981796136,53685.303637238394,127412.21119313306,3873331.2202712446,136765776.05528957,14285620.206604404,5333577.0903135035,156384973.35220745,56511902.50375746,99873070.84844999,72828000.0,27045070.84844999,33823400.48392467,0.7483370529850982,20238828.616502255,25311303.840074934
37,72814.72061794481,37531.53307503323,16720.73814245179,54252.27121748502,127066.99183542984,3862836.551797067,136395213.50933373,14246913.770337943,5319125.931824561,155961253.21149623,56358785.2907192,99602467.92077702,72828000.0,26774467.920777023,33534431.88642189,0.742416916238221,19877817.90766245,24896529.50891801
38,71926.0847669593,37925.97330912957,16880.94372893048,54806.91703806004,126733.00180501936,3852683.2548725884,136036704.65624917,14209466.380621083,5305144.841959555,155551315.8788298,56210648.68859106,99340667.19023874,72828000.0,26512667.190238744,33254862.88626577,0.7365436140279499,19527735.709818695,24493656.89425413
39,71060.08548958386,38312.47604462586,17037.320870256994,55349.796914882856,126409.88240446673,3842860.425095788,135689864.46596226,14173237.819838287,5291618.8053569,155154721.09115744,56067333.60214755,99087387.48900989,72828000.0,26259387.489009887,32984393.232927516,0.730716775843617,19188174.96159752,24102249.476322815
40,70215.85534977482,38691.38440415674,17190.044862367624,55881.42926652437,126097.2846162992,3833357.4523354955,135354318.29898542,14138188.955703776,5278533.211865978,154771040.46655518,55928685.22957488,98842355.23698029,72828000.0,26014355.23698029,32722730.77856742,0.7249360341056857,18858743.515312966,23721886.675722722
41,69392.57098591364,39063.01911524848,17339.279305796572,56402.29842104505,125794.86940695868,3824164.0299715437,135029702.23268324,14104281.775341049,5265873.8692708155,154399857.87729508,55794553.197284825,98605304.68001026,72828000.0,25777304.68001026,32469591.732460454,0.7192010241425615,18539063.92549822,23352163.627476405
42,68589.45033546226,39427.68044339107,17485.17712024942,56912.85756364049,125502.30789910274,3815270.1601327234,134715663.24622244,14071479.404601512,5253627.01050276,154040769.6613267,55664791.63633643,98375978.02499028,72828000.0,25547978.024990276,32224700.80522254,0.7135113841675877,18228773.163293928,22992690.875920713
43,67805.75006726003,39785.64991935767,17627.88145169311,57413.531371050776,125219.2814383108,3806666.1557246484,134411859.29217505,14039746.115543649,5241779.296432842,153693384.70415157,55539259.21202262,98154125.49212895,72828000.0,25326125.492128953,31987791.264647096,0.7078667552562221,17927522.275325213,22643094.010319065
44,67040.76320352865,40137.1918866331,17767.526485326827,57904.71837195993,124945.48157548858,3798342.6398948524,134117959.27763128,14009047.324460195,5230317.815135212,153357324.4172267,55417819.1160659,97939505.30116081,72828000.0,25111505.301160812,31758604.920976788,0.702266781323395,17634976.002031576,22303013.257175703
45,66293.81691540327,40482.55489108542,17904.238175900606,58386.79306698602,124680.60998238927,3790290.5434646336,133833642.97351885,13979349.582406262,5219230.078350801,153032222.6342759,55300339.029149,97731883.60512692,72828000.0,24903883.605126917,31536892.056190014,0.6967111091010461,17350812.367451333,21972103.042068113
46,65564.2704773681,40821.97293189004,18038.13490525223,58860.10783714228,124424.37831451038,3782501.1007611156,133558600.86743471,13950620.559827147,5208504.015748057,152717725.4430099,55186691.060104676,97531034.38290524,72828000.0,24703034.382905245,31322411.309237182,0.691199388115838,17074722.250068612,21650031.531257346
47,64851.51336736823,41155.666590087305,18169.3280755859,59324.994665673206,124176.50803304143,3774965.8442044593,133292533.9725218,13922829.026594888,5198127.96746954,152413490.96658623,55076751.66694306,97336739.29964317,72828000.0,24508739.299643174,31114929.527000964,0.6857312706670484,16806408.94239174,21336480.161266036
48,64154.963500614176,41483.844048933286,18297.92264587479,59781.76669480807,123936.73019542223,3767676.5979408356,133035153.60265175,13895944.828525392,5188090.675364532,152119189.10654166,54970401.56395679,97148787.54258487,72828000.0,24320787.542584866,30914221.58898133,0.6803064118046346,16545587.705358766,21031143.162933256
49,63474.065586211545,41806.702018321994,18424.017617799593,60230.71963612159,123704.78522233311,3760625.4707589266,132786181.12230942,13869938.861253073,5178381.273235043,151834501.25679755,54867525.61837274,96966975.63842481,72828000.0,24138975.638424814,30720070.212252945,0.6749244693074734,16291985.322389897,20733727.08509314
50,62808.28959674682,42124.42657395596,18547.706476808115,60672.13305076408,123480.4226475109,3753804.8484843313,132545347.67804237,13844783.042179912,5168989.276362925,151559119.99658522,54768012.739386395,96791107.25719883,72828000.0,23963107.257198825,30532265.742046416,0.6695851036617724,16045339.656869646,20443950.32191693
51,62157.1293418576,42437.193920576276,18669.07759317348,61106.27151374976,123263.40085560735,3747207.3860104633,132312393.91707507,13820450.281083792,5159904.570536408,151292748.76869527,54671755.76189266,96620993.0068026,72828000.0,23792993.006802604,30350605.932320923,0.6642879780396517,15805399.216000473,20161542.647059724
52,61520.10113762213,42745.17108739374,18788.214587321556,61533.3856747153,123053.48681233742,3740825.999095057,132087069.69764684,13796914.44986239,5151117.400753894,151035101.5482631,54578651.32679688,96456450.22146621,72828000.0,23628450.221466213,30174895.719882578,0.659032758277896,15571922.72328484,19886244.757022094
53,60896.74256432855,43048.51656285875,18905.196663176088,61953.71322603484,122850.4557903634,3734653.856027047,131869133.79477264,13774150.351798957,5142618.3597492445,150785902.50632086,54488599.75943462,96297302.74688625,72828000.0,23469302.746886253,30004946.994933575,0.6538191128568739,15344678.701338563,19617807.825544994
54,60286.61130583756,43347.38087504283,19020.098912819412,62367.47978786225,122654.0910936998,3728684.3692484736,131658353.60441591,13752133.690662222,5134398.376455148,150544885.6715333,54401504.94733523,96143380.72419806,72828000.0,23315380.72419806,29840578.37038289,0.648646712879625,15123445.066288043,19355993.0703757
55,59689.28406434271,43641.90712315826,19132.99259537711,62774.899718535366,122464.18378287808,3722911.1869994937,131454504.84847735,13730841.039891534,5126448.704498303,150311794.59286717,54317274.21832261,95994520.37454456,72828000.0,23166520.37454456,29681614.95179367,0.6435152320511108,14908008.73464183,19100571.333355226
56,59104.355544864826,43932.23146509528,19243.94539269667,63176.17685779196,122280.53240265678,3717328.185040766,131257371.28251544,13710249.812067354,5118760.910801135,150086382.00538394,54235818.21974477,95850563.78563917,72828000.0,23022563.785639167,29527888.109460503,0.6384243466576317,14698165.243230337,18851322.674461972
57,58531.43750429861,44218.4835652959,19353.021644096734,63571.505209392635,122102.94271369124,3711929.4584962134,131066744.40771791,13690338.228825737,5111326.864349286,149868409.50089294,54157050.799459755,95711358.70143318,72828000.0,22883358.70143318,29379235.253801554,0.6333737355464053,14493718.382575072,18608035.980196934
58,57970.15786026584,44500.78700679372,19460.28256220701,63961.06956900073,121931.22742926655,3706709.313849703,130882423.18830748,13671085.291340476,5104138.725171042,149657647.204819,54080888.889067166,95576758.31575182,72828000.0,22748758.31575182,29235499.614988804,0.6283630801053072,14294479.843857033,18370508.586491887
59,57420.159855424485,44779.25967082413,19565.786431695567,64345.0461025197,121765.20595794418,3701662.261121503,130704213.77529585,13652470.751468329,5097188.93356431,149453873.4603285,54007252.38976273,95446621.07056576,72828000.0,22618621.07056576,29096530.02752839,0.623392064242771,14100268.879505025,18138545.916162696
60,56881.10127324151,45054.014087035706,19669.588792484177,64723.60287951988,121604.7041527614,3696783.0062439465,130531929.23727128,13634475.083628925,5090470.199597915,149256874.52049813,53936064.06109918,95320810.45939896,72828000.0,22492810.459398955,28962180.720325857,0.6184603743678494,13910911.977304956,17911961.13080204
61,56352.653701562704,45325.157757007415,19771.74260888043,65096.90036588785,121449.55406745056,3692066.4436504967,130365389.2987216,13617079.457471764,5083975.492906734,149066444.2491001,53867249.41286074,95199194.83623934,72828000.0,22371194.836239338,28832311.112627715,0.6135676993704302,13726242.54783902,17690574.796907477
62,55834.50184060893,45592.79345348925,19872.298425904617,65465.09187939386,121299.5937200028,3687507.6490880847,130204420.08624066,13600265.711366674,5077698.032794292,148882383.83040163,53800736.600195155,95081647.23020647,72828000.0,22253647.230206475,28706785.616110623,0.608713730601611,13546100.624991192,17474214.565963365
63,55326.34285229743,45857.01949753115,19971.304513955743,65828.3240114869,121154.66686378432,3683101.8726590434,130048853.88284177,13584016.326741084,5071631.278651503,148704501.48823437,53736456.32209545,94968045.16613892,72828000.0,22140045.166138917,28585473.44329226,0.6038981618542286,13370332.579200892,17262714.86813706
64,54827.8857480319,46117.93001544266,20068.80700284403,66186.73701828669,121014.6227663186,3678844.532096085,129898528.89049995,13568314.403276782,5065768.92069631,148532612.21447304,53674341.72328188,94858270.49119115,72828000.0,22030270.49119115,28468248.422359303,0.5991206893435417,13198790.843107125,17055916.6192071
65,54338.85081232935,46375.61517732843,20164.850006112923,66540.46518344135,120879.31599577072,3674731.20627143,129753289.00096169,13553143.634970289,5060104.871035759,148366537.50696772,53614328.29950016,94752209.20746756,72828000.0,21924209.207467556,28354988.818442553,0.5943810116880671,13031333.649195403,16853666.940309715
66,53858.96905985524,46630.16141877084,20259.475736481814,66889.63715525265,120748.6062151079,3670757.62893928,129612983.57479441,13538488.287053853,5054633.255049389,148206105.11689764,53556353.80622409,94649751.31067355,72828000.0,21821751.31067355,28245577.16131729,0.5896788298905681,12867824.77904095,16655818.890069332
67,53387.981723625046,46881.65164707589,20352.7246131588,67234.37626023468,120622.35798385972,3666919.6827093353,129477467.22859357,13524333.17376857,5049348.403090755,148051148.80545288,53500358.170729205,94550790.63472368,72828000.0,21722790.63472368,28139900.079465017,0.5850138473191916,12708133.323729003,16462231.208665455
68,52925.639772301496,47130.1654333613,20444.635361700057,67574.80079506135,120500.44056736284,3663213.39324783,129346599.6302236,13510663.636976648,5044244.8425022615,147901508.10970253,53446283.40748584,94455224.70221668,72828000.0,21627224.702216685,28037848.14040038,0.580385769688756,12552133.455027707,16272768.07338273
69,52471.70345467175,47375.77919164345,20535.245107027895,67911.02429867134,120382.72775334308,3659634.9237016295,129220245.30193506,13497465.525596352,5039317.289937144,147757028.11746857,53394073.53680678,94362954.58066179,72828000.0,21534954.58066179,27939315.69713965,0.5757943050421865,12399704.206887206,16087298.86518878
70,52025.94186953266,47618.566345970336,20624.5894601615,68243.15580613184,120269.0976756645,3656180.5693402006,129098273.43117476,13484725.175840529,5034560.643981456,147617559.25099674,53343674.50667353,94273884.74432321,72828000.0,21445884.74432321,27844200.740668565,0.5712391637320973,12250729.266842132,15905697.945888154
71,51588.13255934266,47858.597486550614,20712.70259916295,68571.30008571356,120159.43264505622,3652846.752409709,128980557.68888588,13472429.39223749,5029969.97806817,147482957.05919155,53295034.117657654,94187922.9415339,72828000.0,21359922.941533893,27752404.758250892,0.566720058402519,12105096.776899394,15727844.445406293
72,51158.0611261194,48095.94051574122,20799.6173447548,68895.55786049602,120053.61898661542,3649630.0171931083,128866976.0550818,13460565.429411624,5025540.533674911,147353082.01816833,53248101.95084745,94104980.06732088,72828000.0,21276980.067320883,27663832.597408816,0.5622367039707721,11962699.14350231,15553622.058766335
73,50735.52086817232,48330.66078467817,20885.365231024178,69216.02601570234,119951.54688387466,3646527.0252697896,128757410.65146618,13449120.97460004,5021267.713796501,147227799.3398627,53202829.29868623,94024970.04117647,72828000.0,21196970.041176468,27578392.335398614,0.557788817609482,11823432.856171435,15382918.852332393
74,50320.312436361295,48562.821221264814,20969.976571591054,69532.79779285587,119853.11022921716,3643534.5509682014,128651747.58086683,13438084.13088092,5017147.076683213,147106978.78843096,53159169.098626055,93947809.68980491,72828000.0,21119809.68980491,27495995.153999254,0.5533761187287372,11687198.314433817,15215627.078904273
75,49912.2435086652,48792.482450168725,21053.480521585116,69845.96297175385,119758.20648041906,3640649.4770047395,128549876.77324657,13427443.40108888,5013174.329835527,146990494.50417098,53117075.86949915,93873418.63467184,72828000.0,21045418.634671837,27416555.21943012,0.5489983289583895,11553899.66266459,15051643.001262547
76,49511.12848193045,49019.702905421975,21135.90513574528,70155.60804116726,119666.7365230977,3637868.79030217,128451691.83805351,13417187.672392465,5009345.324246088,146878224.83469206,53076505.65050866,93801719.1841834,72828000.0,20973719.184183404,27339989.567212194,0.5446551721304922,11423444.632478017,14890866.723775819
77,49116.78817974875,49244.5389361678,21217.277422929183,70461.81635909699,119578.60453884574,3635189.5779809104,128357089.92267476,13407306.201509196,5005656.048879715,146770052.17306367,53037415.94274148,93732636.23032218,72828000.0,20904636.230322182,27266217.991788775,0.540346374261879,11295744.392318105,14733202.031697078
78,48729.04957548617,49467.04490605121,21297.623397295098,70764.6683033463,119493.71787883248,3632609.0235165074,128265971.57675849,13397788.600533582,5002102.625382231,146665862.80267432,52999765.65310584,93666097.14956848,72828000.0,20838097.149568483,27195162.940722376,0.5360716635368798,11170713.40391229,14578556.237789549
79,48347.745529552536,49687.273286708674,21376.96812639685,71064.24141310553,119411.98694265806,3630124.4030568046,128178240.62217455,13388624.823354106,4998681.30300922,146565546.74853787,52963515.04059878,93602031.70793909,72828000.0,20774031.70793909,27126749.413288504,0.531830770290174,11048269.285265744,14426840.03593775
80,47972.71454006296,49905.27474577474,21455.335776412227,71360.61052218697,119333.32506224992,3627733.0818923973,128093804.0283878,13379805.15263554,4995388.453765831,146468997.63478917,52928625.66481008,93540371.96997909,72828000.0,20712371.969979092,27060904.863290787,0.527623426989778,10928332.67988739,14277967.361413836
81,47603.80050610008,50121.098229789,21532.74965470721,71653.84788449621,119257.6483905963,3625432.511074127,128012571.79302302,13371320.187343597,4992220.567749074,146376112.5481157,52895060.336571515,93481052.21154419,72828000.0,20653052.211544186,26997559.105923906,0.5234493682201694,10810827.131950976,14131855.257482551
82,47240.852502839,50334.79104235584,21609.232249921886,71944.02329227774,119184.87579511674,3623220.2241715486,127934456.82740773,13363160.830789506,4989174.248684223,146286791.90688145,52862783.07066289,93424008.83621857,72828000.0,20596008.836218566,26936644.22851877,0.5193083306655428,10695678.967109432,13988423.74804371
83,46883.7245678458,50546.39891788115,21684.805269749057,72231.20418763021,119114.928755476,3621093.83416647,127859374.8468844,13355318.279172776,4986246.209647229,146200939.33570442,52831759.040488794,93369180.29521562,72828000.0,20541180.29521562,26878094.50500694,0.5152000530931989,10582817.17869206,13847595.716023594
84,46532.27549790594,50755.96609118464,21759.489676562825,72515.45576774747,119047.7312656534,3619051.0304758633,127787244.26569055,13347784.010601081,4983433.268965264,146118461.5452569,52801954.534642845,93316507.01061407,72828000.0,20488507.010614067,26821846.31394683,0.5111242763370654,10472173.319027005,13709296.787240056
85,46186.36865578123,50963.535363262985,21833.305721042187,72796.84108430517,118983.2097400864,3617089.5760986265,127717986.09621207,13340549.774566956,4980732.346287809,146039268.21706685,52773336.91527896,93265931.3017879,72828000.0,20437931.301787898,26767838.059960485,0.507080743281347,10363681.395643715,13573455.219479492
86,45845.073625400226,51169.1481634577,21906.272973923376,73075.42113738108,118920.49476278132,3615183.0407885523,127650667.09702748,13333518.091036338,4978107.047165836,145962292.23522967,52745520.56510498,93216771.6701247,72828000.0,20388771.670124695,26715341.99150467,0.5030691988443065,10256963.029509122,13439665.692517912
87,45507.3257066362,51372.84460826246,21978.410356004315,73351.25496426677,118858.58067090296,3613300.8523954498,127584207.77774239,13326576.203804899,4975515.273748535,145886299.25529584,52718059.43644961,93168239.81884623,72828000.0,20340239.818846226,26663516.310538262,0.4990893899621721,10151597.882872244,13307478.089672968
88,45173.06232771459,51574.663556986496,22049.736166515297,73624.39972350179,118797.46205121638,3611442.8463569777,127518602.32772635,13319723.505933806,4972956.799433558,145811282.6330937,52690951.128348306,93120331.50474541,72828000.0,20292331.50474541,26612356.485870123,0.4951410655731746,10047566.644223744,13176870.547826918
89,44842.2250763715,51774.6426644749,22120.26810996136,73894.91077443626,118737.13585080775,3609608.9298645556,127453847.46994552,13312959.655126456,4970431.496423494,145737238.62149546,52664194.28672387,93073044.33477159,72828000.0,20245044.33477159,26561859.962034553,0.491223976601708,9944851.18460438,13047822.476488307
90,44514.75713903755,51972.818431071435,22190.02332153392,74162.84175260535,118677.5988916429,3607799.006305944,127389939.79306038,13306284.295057585,4967939.231683285,145664163.31980124,52637787.50200372,93026375.81779751,72828000.0,20198375.81779751,26512024.078832924,0.48733787594261796,9843433.56853618,12920313.50151798
91,44190.60324037154,52169.22624999614,22259.01839118214,74428.24464117829,118618.84788154982,3606012.9755991143,127326875.76321451,13299697.056604654,4965479.86739998,145592052.68721914,52611729.31399108,92980323.37322807,72828000.0,20152323.373228073,26462846.080526516,0.4834825184456126,9743296.057018692,12794323.468251567
92,43869.70958559692,52363.90045229752,22327.26938642787,74691.16983872539,118560.87942432232,3604250.7344993986,127264651.73487997,13293197.558980683,4963053.261405672,145520902.55526632,52586018.21634623,92934884.33892009,72828000.0,20106884.338920087,26414323.124294043,0.47965766089979806,9644421.10998919,12669832.444050327
93,43552.02380548996,52556.87434952743,22394.7918740019,74951.66622352933,118503.69002901929,3602512.176882186,127203263.96083924,13286785.41077688,4960659.26756677,145450708.6391829,52560652.660711095,92890055.9784718,72828000.0,20062055.9784718,26366452.288015634,0.4758630620183357,9546791.388298849,12546820.720335474
94,43237.49490387785,52748.18027427667,22461.60094037379,75209.78121465046,118447.2761185283,3600797.19400326,127142708.60137755,13280460.210922824,4958297.736142489,145381466.54844287,52535631.060507566,92845835.4879353,72828000.0,20017835.487935305,26319230.577441007,0.47209848242322056,9450389.755251946,12425268.814156722
95,42926.07320751319,52937.84961869919,22527.711211242407,75465.56082994159,118391.6340374548,3599105.674738626,127082981.73275101,13274221.549571002,4955968.514115088,145313171.7964371,52510951.79443655,92802220.00200057,72828000.0,19974220.00200057,26272654.932793155,0.46836368463018074,9355199.277750844,12305157.469340296
96,42617.71031819979,53125.91287114429,22593.13687004952,75719.04974119381,118336.7600593936,3597437.505805565,127024079.3549922,13268069.008912086,4953671.445494263,145245819.80939856,52486613.20970319,92759206.59969537,72828000.0,19931206.59969537,26226722.234855115,0.4646584330336957,9261203.227085305,12186467.657257764
97,42312.359067051926,53312.39965100771,22657.891675574712,75970.29132658243,118282.65039363437,3595792.5719664847,126965997.3991078,13262002.16392679,4951406.37159785,145179405.93463245,52462613.62499101,92716792.30964145,72828000.0,19888792.30964145,26181429.310582787,0.4609824938921335,9168385.079401202,12069180.577253055
98,42009.97347077637,53497.338741905216,22721.98897866549,76219.3277205707,118229.30119134708,3594170.756216951,126908731.73371808,13256020.58307936,4949173.131310742,145113925.44810817,52438951.33320532,92674974.11490285,72828000.0,19846974.114902854,26136772.93828252,0.4573356353130057,9076728.515879875,11953277.65676121
99,41710.5086898727,53680.75812326503,22785.441738153233,76466.19986141825,118176.70855129095,3592571.939959245,126852278.17118496,13250123.828957688,4946971.56132388,145049373.56146652,52415624.60400538,92633748.95746113,72828000.0,19805748.957461134,26092749.852389812,0.4537176272383382,8986217.422657456,11838740.551149804
100,41413.92098865419,53862.685000429265,22848.262536001886,76710.94753643115,118124.86852508532,3590996.0031625936,126796632.47326992,13244311.45886428,4944801.496354892,144985745.4284891,52392631.68614224,92593113.74234685,72828000.0,19765113.742346853,26049356.747881383,0.45012824143015856,8896835.890509648,11725551.143310681
101,41120.16769699621,54043.14583334848,22910.463591733343,76953.60942508183,118073.77712207804,3589442.8245111722,126741790.35635969,13238583.025362108,4942662.769351885,144923036.1510737,52369970.809618,92553065.3414557,72828000.0,19725065.341455698,26006590.284350246,0.4465672514560981,8808568.214325812,11613691.543027155
102,40829.20717372572,54222.166363947894,22972.056776170524,77194.22314011841,118023.43031384412,3587912.281540861,126687747.4962952,13232938.076779004,4940555.2116817655,144861240.78475595,52347640.18768116,92513600.59707478,72828000.0,19685600.597074777,25964447.0897713,0.4430344326751071,8721398.892393773,11503144.086139664
103,40540.998771568986,54399.77164223876,23033.05362453644,77432.82526677521,117973.8240383442,3586404.2507656636,126634499.53283529,13227376.157673921,4938478.653304319,144800354.3438135,52325638.01867103,92474716.32514247,72828000.0,19646716.325142473,25922923.763982385,0.43952956222328404,8635312.625514919,11393891.333530745
104,40255.50280358078,54575.98605124377,23093.4653489451,77669.45140018887,117924.95420376964,3584918.607794597,126582042.07378411,13221896.809268033,4936432.922933159,144740371.8059853,52303962.487723164,92436409.31826213,72828000.0,19608409.31826213,25882016.88190268,0.43605241899981634,8550294.315966742,11285916.069947748
105,39972.68051098136,54750.83333080089,23153.30285031774,77904.13618111864,117876.8166921,3583455.22743984,126530370.69880979,13216499.569843618,4934417.84818466,144681288.11683804,52282611.76834726,92398676.34849077,72828000.0,19570676.348490775,25841722.996510506,0.43260278365303234,8466329.066329671,11179201.302681025
106,39692.49403233271,54924.3366003058,23212.57672975587,78136.91333006168,117829.40736239438,3582013.983816789,126479480.9629773,13211183.975113083,4932433.2557157185,144623098.1938061,52261584.02388695,92361514.16991916,72828000.0,19533514.169919163,25802038.641598552,0.429180438566564,8383402.178192099,11073730.2601127
107,39414.90637398851,55096.51838044985,23271.29729940039,78367.81567985025,117782.72205383876,3580594.750436698,126429368.40001965,13205949.558560632,4930478.971351334,144565796.9299316,52240877.40887143,92324919.52106018,72828000.0,19496919.521060184,25762960.334324405,0.42578516784561876,8301499.150747132,10969486.390150335
108,39139.88138175654,55267.400614006256,23329.47459280456,78596.87520681082,117736.75658856735,3579197.4002924473,126380028.52536622,13200795.851758605,4928554.820202701,144509379.19732752,52220490.070266806,92288889.12706071,72828000.0,19460889.12706071,25724484.577572495,0.4224167573033596,8220605.679293194,10866453.358558457
109,38867.38371371527,55437.004685714615,23387.11837484644,78824.12306056105,117691.50677427632,3577821.805938,126331456.83894841,13195722.38466053,4926660.626776625,144453839.85038558,52200420.14863542,92253419.70175016,72828000.0,19425419.70175016,25686607.86214167,0.419074994447394,8140707.653649245,10764615.047199406
110,38597.37881412956,55605.35144131043,23444.23815120532,79049.58959251575,117646.96840664532,3576467.8395620175,126283648.82779904,13190728.685872633,4924796.215076898,144399173.72874856,52180665.77920984,92218507.94953872,72828000.0,19390507.949538723,25649326.66877225,0.4157596684663687,8061791.156494706,10663955.55219434
111,38329.832888413584,55772.46120574364,23500.84317742472,79273.30438316836,117603.13727158196,3575135.3730560914,126236599.96846136,13185814.282905476,4922961.4086982375,144345375.66006508,52161225.09288837,92184150.56717671,72828000.0,19356150.567176715,25612637.47002487,0.412470570216671,7983842.461643119,10564459.182014031
112,38064.71287909168,55938.35380062747,23556.9424675836,79495.29626821107,117560.00914730274,3573824.2780780033,126190305.72922309,13180978.702407293,4921156.030913411,144292440.4625438,52142096.217158064,92150344.24538572,72828000.0,19322344.24538572,25576536.732022226,0.409207492209235,7906848.032257834,10466110.455508199
113,37801.94460805503,56103.0485609566,23612.54480259563,79715.59336355224,117517.53797160726,3572533.154336861,126144716.66637284,13176216.77982521,4919378.153521857,144240311.5997199,52123258.7217748,92117052.87794511,72828000.0,19289052.87794511,25540985.898034617,0.40597022859645276,7830781.206268442,10368879.88360389
114,37541.09363771147,56266.564351131135,23667.6587381558,79934.22308928694,117475.3167269984,3571249.628500751,126099395.88251014,13171482.879836472,4917610.738445535,144188489.50079215,52104532.07982596,92083957.42096618,72828000.0,19255957.42096618,25505644.270842493,0.4027585751591881,7755501.974194333,10272616.945041632
115,37282.04266018401,56428.91958032096,23722.292612351877,80151.21219267283,117433.25485285684,3569970.947526848,126054246.168794,13166766.848668521,4915849.99474447,144136863.012207,52085876.12441671,92050986.88779029,72828000.0,19222986.887790293,25470436.045962274,0.39957232929389447,7680973.646740358,10177281.459016318
116,37024.77925468644,56590.13221720295,23776.454552957737,80366.58677016068,117391.36602484711,3568697.5271553523,126009282.20484464,13162070.219654372,4914096.49489292,144085448.91939193,52067296.92119659,92018151.99819535,72828000.0,19190151.99819535,25435372.67071721,0.39641128999983294,7607192.90889749,10082868.892025504
117,36769.29108614171,56750.21980410169,23830.15248442421,80580.37228852589,117349.6633746676,3567429.766589895,125964518.08638257,13157394.465136852,4912350.788594286,144034263.3401137,52048800.29454657,91985463.04556713,72828000.0,19157463.045567125,25400465.137099445,0.39327525786639295,7534156.219311304,9989374.476719107
118,36515.56590459057,56909.19937135914,23883.39413458247,80792.59350594161,117308.1594105322,3566168.0460801786,125919967.2398727,13152740.987552915,4910613.399452406,143983321.62687802,52030391.792309806,91952929.83456822,72828000.0,19124929.834568217,25365723.915208533,0.39016403506051267,7461859.794504318,9896793.194988707
119,36263.591544604154,57067.08190578364,23936.18704107396,81003.2689468576,117266.86049146176,3564912.558940437,125875636.49116327,13148110.499884121,4908884.593660982,143932631.58470836,52012074.234940976,91920557.34976739,72828000.0,19092557.349767387,25331154.32791315,0.38707742531419875,7390297.941611642,9805117.997485245
120,36013.35592470071,53200.51497741115,22350.35855752007,75550.87353493122,111564.22945963193,3391552.5755728106,119754364.82244574,12508724.20922764,4670167.89656376,136933256.92823714,49482752.077607304,87450504.85062984,0.0,87450504.85062984,93385721.85788226,0.384015233912145,33582326.07594979,35861539.82330917
121,35764.8470467663,50318.07910607124,21069.310196434428,71387.38930250568,107152.23634927196,3257427.9850178673,115018479.1797869,12014045.8943429,4485478.335369604,131518003.4094994,47525874.30141068,83992129.10808873,0.0,83992129.10808873,89692628.08186999,0.380977267679449,31999091.854179163,34170852.37761985
122,35518.052995479586,48009.28562007833,19998.5106414916,68007.79626156992,103525.8492570495,3147185.8174143047,111125872.33857216,11607450.73178744,4333674.870579498,127066997.9409391,45917441.076074705,81149556.8648644,0.0,81149556.8648644,86657132.04533944,0.37796333496942597,30671557.143935222,32753218.626742408
123,35272.96193774044,46079.12224039435,19081.30479647936,65160.427036873705,100433.38897461416,3053175.0248282705,107806388.85667631,11260720.12657163,4204222.009188529,123271330.99243647,44545823.612244464,78725507.38019201,0.0,78725507.38019201,84068563.67364147,0.37497324565151896,29519959.017913207,31523462.17796673
124,35029.56212210264,44418.90424224828,18281.097398956637,62700.001641204915,97729.56376330755,2970978.7384045497,104904070.8615693,10957563.78298366,4091037.7227830654,119952672.36733602,43346579.79332238,76606092.57401365,0.0,76606092.57401365,81805305.3662216,0.3720068110993044,28497988.20923692,30432130.780292913
125,34787.84187821038,42961.54853708488,17572.900509020037,60534.44904610492,95322.29092431533,2897797.6440991857,102320075.69408461,10687657.270966617,3990267.3559245784,116998000.32097581,42278867.62740712,74719132.69356869,0.0,74719132.69356869,79790278.57074226,0.3690638441785933,27576130.34557887,29447706.937398974
126,34547.78961623876,41662.591055341705,16938.904207833726,58601.49526317543,93149.2848794142,2831738.260334192,99987545.2770962,10444017.051764566,3899303.5844801823,114330865.91334094,41315061.21827586,73015804.69506508,0.0,73015804.69506508,77971346.65064992,0.3661441592356255,26734310.42098724,28548753.163871717
127,34309.393826338026,40490.96511754472,16365.973731677284,56856.938849222,91166.33267556004,2771456.513337025,97859020.90332504,10221685.912489617,3816295.6188650834,111897002.43467975,40435550.529587194,71461451.90509255,0.0,71461451.90509255,76311500.80343235,0.36324757208535846,25958198.90221948,27719967.38903668
128,34072.643078081746,39424.06499835109,15844.148747438212,55268.2137457893,89340.85682387104,2715962.0474456795,95899533.51048797,10017011.223389156,3739879.739332701,109656424.47320983,39625886.272232465,70030538.20097736,0.0,70030538.20097736,74783471.78400731,0.360373899999848,25237178.170574546,26950011.382331304
129,33837.52601991872,38444.90197598118,15365.699313358044,53810.60128933922,87648.12730925794,2664503.070201441,94082537.60758482,9827220.223516956,3669020.727667385,107578778.55876917,38875099.79423903,68703678.76453014,0.0,68703678.76453014,73366559.13738266,0.35752296169672076,24563142.711354915,26230229.512294658
130,33604.031378628744,37540.368606499425,14924.508030562074,52464.8766370615,86068.90801569025,2616494.8036769833,92387384.91991283,9650156.13492145,3602913.3446632065,105640454.39949748,38174659.18564719,67465795.21385029,0.0,67465795.21385029,72044661.120285,0.3546945773277387,23929751.717456404,25553850.624779657
131,33372.147958782065,36700.12887296719,14515.6519874431,51215.78086041029,84587.92881919236,2571473.0361034474,90797684.3155983,9484106.851756737,3540918.3707144475,103822709.53806947,37517791.5967493,66304917.94132017,0.0,66304917.94132017,70804995.75450121,0.35188856846745337,23331942.65672312,24915468.596395545
132,33141.86464220257,35915.880729230754,14135.11174328489,50050.992472515645,83192.85711471821,2529062.8562874333,89300197.83036676,9327689.626559312,3482519.553107796,102110407.01003388,36899027.07323365,65211379.93680023,0.0,65211379.93680023,69637239.93530324,0.3491047581019499,22765603.01833099,24310691.802501485
133,32913.17038743476,35180.85001586622,13779.563719796664,48960.413735662885,81873.58412309765,2488956.9573421683,87884074.58096904,9179771.050069386,3427293.7302601663,100491139.36129859,36313882.007622235,64177257.35367636,0.0,64177257.35367636,68532932.02902515,0.3463429706176808,22227341.957967672,23735899.264072176
134,32686.054229214264,34489.43347401901,13446.228894977829,47935.66236899684,80621.7165982111,2450900.1845856174,86540305.15764433,9039410.060788674,3374889.5541743953,98954604.7726074,35758633.693104155,63195971.079503246,0.0,63195971.079503246,67485046.40252808,0.34360303179038715,21714327.25985494,23188066.544423606
135,32460.505277942168,33836.940886687,13132.760436240342,46969.70132292734,79430.20660086951,2414678.280666433,85261324.21901949,8905816.434753938,3325011.992477678,97492152.64625111,35230156.11492325,62261996.53132786,0.0,62261996.53132786,66487683.522494115,0.34088476877410806,21224166.290996015,22664638.62389148
136,32236.512719162813,33219.404930529745,12837.15884744582,46056.56377797556,78293.07649713838,2380109.5255130064,84040715.30205406,8778319.951997072,3277410.81663141,96096446.07068254,34725797.977234766,61370648.093447775,0.0,61370648.093447775,65535839.76309554,0.33818801009027666,20754817.356673732,22163435.23907651
137,32014.065813045338,32633.438384660338,12557.706930746495,45191.14531540683,77205.21112845217,2347038.418304946,82872987.73498033,8656347.094392302,3231871.902005911,94761206.73137854,34243290.52306916,60517916.20830938,0.0,60517916.20830938,64625233.44034304,0.3355125856169029,20304522.543196958,21682579.16766543
138,31793.15389386867,32076.125158914143,12292.91926394844,44369.044422862586,76162.19831673126,2315330.82882863,81753405.43360741,8539403.162885753,3188210.551297024,93481019.1477902,33780676.792609714,59700342.35518048,0.0,59700342.35518048,63752171.30563058,0.33285832657784126,19871756.052469593,21220441.056496065
139,31573.766369510187,31544.935925689417,12041.502475899952,43586.43840158937,75160.20477109955,2284870.2250414263,80677853.69812275,8427058.36399779,3146266.299882044,92251178.36200258,33336256.58335441,58914921.77864817,0.0,58914921.77864817,62913444.672470674,0.330225065532144,19455183.905175228,20775596.389819544
140,31355.892720937813,31037.66195011585,11802.323666924683,42839.985617040526,74195.87833797834,2255554.7014745413,79642734.28718548,8318936.849978403,3105898.8239304433,91067569.96109432,32908543.094513558,58159026.86658076,0.0,58159026.86658076,62106247.59416121,0.3276126363634981,19053632.12009604,20346791.508967314
141,31139.522501705706,30552.362583289738,11574.385051324098,42126.74763461384,73266.27013631954,2227294.612144114,78644881.83696382,8214707.988509921,3066984.680922445,89926574.50639619,32496228.391182624,57430346.115213566,0.0,57430346.115213566,61328111.68646577,0.325020874269746,18666061.303980824,19932916.477647733
142,30924.645337453305,30087.3231531001,11356.803408209942,41444.12656131004,72368.77189876334,2200010.6657224055,77681496.60239185,8114079.337317376,3029414.6866997527,88824990.62640898,32098155.612889897,56726835.01351908,0.0,56726835.01351908,60576853.67853329,0.32244961575248965,18291546.152964104,19532983.19213785
143,30711.250925408,29641.020865445644,11148.793287741028,40789.81415318667,71501.06507859466,2173632.3783892775,76750089.82797404,8016790.937975334,2993091.7850420354,87759972.5509914,31713296.40069956,56046676.150291845,0.0,56046676.150291845,59850532.81247307,0.31989869860677567,17929258.761713773,19146107.55763226
144,30499.329033891067,29212.096946380007,10949.65317916699,40161.750125547,70661.07915943806,2148096.806446917,75848438.99691807,7922610.641537519,2957929.3024774045,86728978.94093299,31340732.406060517,55388246.53487247,0.0,55388246.53487247,59147415.94615458,0.31736796191086347,17578454.91658892,18771494.851125184
145,30288.869501827132,28799.33369689733,10758.7540359345,39558.08773283183,69846.95723465897,2123347.4999336326,74974550.88365659,7831330.249255224,2923849.5074086124,85729730.64032044,30979640.0240317,54750090.61628874,0.0,54750090.61628874,58465948.7411726,0.31485724601607334,17238462.750575133,18408427.606362514
146,30079.862238256956,28401.635451588143,10575.529674538871,38977.165126127016,69057.02736438398,2099333.631877273,74126630.80813377,7742762.301089758,2890782.4110950045,84760175.52031854,30629277.68908941,54130897.83122913,0.0,54130897.83122913,57804731.687014356,0.31236639253671555,16908673.28031456,18056255.508625448
147,29872.29722185359,28018.012666800245,10399.467535077269,38417.48020187751,68289.77742373111,2076009.2336814257,73303055.63759768,7656737.255663835,2858664.7147793234,83818457.60804084,30288974.719412,53529482.88862884,0.0,53529482.88862884,57162499.04757133,0.30989524434009813,16588532.179170737,17714386.609437745
148,29666.16450044192,27647.568537958676,10230.10239405385,37877.67093201252,67543.83543245445,2053332.5971466152,72502352.67220813,7573101.284796147,2827438.986270889,82902892.94327517,29958122.592369113,52944770.35090606,0.0,52944770.35090606,56538102.39591263,0.3074436455366151,16277533.20878145,17382280.312321812
149,29461.454190521436,27289.487676314264,10067.011326418158,37356.499002732424,66817.95319325387,2031265.7770749175,71723182.08220452,7491714.439007712,2797052.9750321615,82011949.4962444,29636167.687523045,52375781.808721356,0.0,52375781.808721356,55930496.91860246,0.3050114414699116,15975212.707591675,17059441.487271387
150,29258.156476792385,26943.02647443557,9909.808761665376,36852.835236100946,66110.99171289333,2009774.148071957,70964321.25876158,7412449.012918992,2767459.0018950845,81144229.27357566,29322604.820369855,51821624.45320581,0.0,51821624.45320581,55338729.212331735,0.3025984787071283,15681144.723672198,16745415.273237303
151,29056.261611685135,26607.504865578827,9758.14224029722,36365.64710587605,65421.908717561186,1988826.0250138598,70224651.4128294,7335188.145456119,2738613.4364440856,80298452.99472961,29016971.704952214,51281481.2897774,0.0,51281481.2897774,54761926.833551645,0.3002046050292217,15394936.835911047,16439782.615705509
152,28855.75991489281,26282.299240630313,9611.688755002078,35893.98799563239,64749.7479105252,1968392.336479966,69503146.04417302,7259824.615405412,2710476.247332914,79473446.90691134,28718844.189242706,50754602.71766864,0.0,50754602.71766864,54199289.30650858,0.2978296694213618,15116226.549015801,16142156.417030198
153,28656.641772907155,25966.83633191902,9470.1515825757,35436.98791449472,64093.62968740187,1948446.3424970168,68798860.97503267,7186259.800397498,2683010.6136183916,78668131.38904856,28427832.137031473,50240299.25201709,0.0,50240299.25201709,53650080.35138687,0.29547352206340544,14844678.169512963,15852178.200408982
154,28458.897638557573,25660.58790898984,9333.257529752314,34993.84543874215,63452.743077299725,1928963.3895499115,68110925.69965155,7114402.773337984,2656182.5874102283,77881511.06039977,28143575.85353321,49737935.20686656,0.0,49737935.20686656,53113621.13857891,0.29313601432044506,14579980.087069405,15569515.20668916
155,28262.518030553387,25363.066159724487,9200.75452978118,34563.820689505665,62826.33872005905,1909920.697089795,67438535.84596184,7044169.515006582,2629960.7998926477,77112666.16086107,27865742.97054011,49246923.19032097,0.0,49246923.19032097,52589284.4102281,0.2908169987334323,14321842.399065012,15293857.857721418
156,28067.49353302923,25073.8196527232,9072.409537541713,34146.22919026491,62213.72272329414,1891297.1707881417,66780946.58166098,6975482.225300824,2604316.204175271,76360745.01113707,27594025.721798986,48766719.28933808,0.0,48766719.28933808,52076489.33821733,0.2885163290098758,14069994.82721492,15024917.5315844
157,27873.814795093553,24792.429794908723,8948.00667982928,33740.436474738,61614.251269831555,1873073.2386028792,66137466.82577223,6908268.71861514,2579221.849556165,75624957.39394353,27328138.551216006,48296818.84272753,0.0,48296818.84272753,51574697.01028256,0.2862338600146121,13824184.88378035,14762424.60433725
158,27681.472530380335,24518.507712863684,8827.345624614241,33345.85333747792,61027.32586785826,1855230.706382891,65507454.15009733,6842461.891281378,2554652.6826892407,74904568.72406794,27067816.006126378,47836752.71794157,0.0,47836752.71794157,51083406.45411162,0.2839694477606504,13584176.25197666,14506126.720506921
159,27490.457516603776,24251.69149820944,8710.240138923975,32961.93163713341,60452.38915373719,1837752.6302736104,64890310.27390908,6777999.25097513,2530585.3718867614,74198894.89677097,26812810.875691976,47386084.02107899,0.0,47386084.02107899,50602151.124057814,0.2817229494000892,13349747.35093881,14255787.260658605
160,27300.76059511614,23991.64376695284,8596.516809790726,32588.16057674357,59888.92117185971,1820623.2036245351,64285477.07070089,6714822.499608011,2506998.151390985,73507297.7216999,26562892.540881965,46944405.18081793,0.0,46944405.18081793,50130495.78716086,0.27949422321510453,13120690.060307836,14011183.979420595
161,27112.372670468583,23738.04949060983,8486.013906655468,32224.063397265298,59336.43606773388,1803827.6564591099,63692433.01850859,6652877.16255249,2483870.6829441944,72829180.86400527,26317845.50773841,46511335.356266856,0.0,46511335.356266856,49668033.7550703,0.2772831286090105,12896808.58336856,13772107.791463831
162,26925.284709975116,23490.61406340658,8378.580366884094,31869.19443029068,58794.479140265794,1787352.16586408,63110690.035794325,6592112.2581399,2461183.932394838,72163986.22632906,26077468.099956926,46086518.12637213,0.0,46086518.12637213,49214384.41663428,0.27508952609738935,12677918.430862453,13538361.686346667
163,26739.487743279467,23249.061575231433,8274.07488876649,31523.13646399792,58262.62420727739,1771183.7759012326,62539790.653562166,6532480.002278927,2438920.0594159975,71511190.7152571,25841571.290398985,45669619.42485811,0.0,45669619.42485811,48769191.032685265,0.27291327729929243,12463845.510249453,13309759.7559654
164,26554.97286192498,23013.13326447587,8172.365118634063,31185.49838310993,57740.47124503491,1755310.3258490611,61979305.48160002,6473935.543796508,2417062.318694157,70870303.34409069,25609977.6541378,45260325.68995288,0.0,45260325.68995288,48332118.76018874,0.2707542449285107,12254425.307401666,13086126.320710009
165,26371.731218927493,22782.58612863064,8073.326920628966,30855.913049259605,57227.6442681871,1739720.3857528877,61428830.93278017,6416436.726733801,2395594.9711817265,70240862.63069569,25382520.42813463,44858342.20256105,0.0,44858342.20256105,47902852.87762861,0.26861229278491394,12049502.14956019,12867295.142398233
166,26189.75402835114,22557.19167362735,7976.843719254396,30534.035392881746,56723.78942123288,1724403.1984054795,60887987.17441813,6359943.87635909,2374503.2042043456,69622434.25498158,25159042.664735947,44463391.590245634,0.0,44463391.590245634,47481097.18745522,0.26648728574585906,11848928.539939815,12653108.713720284
167,26009.03256488709,22336.734785544904,7882.8059061825425,30219.540691727445,56228.57325661453,1709348.6270010816,60356416.27995739,6304419.606105389,2353773.0593804894,69014608.94544327,24939396.46794578,44075212.47749749,0.0,44075212.47749749,47066572.57474938,0.26437908975766566,11652564.555676494,12443417.615325352
168,25829.55816343521,22121.01271052081,7791.110303938042,29912.12301445885,55741.68117789406,1694547.1078079795,59833780.55785664,6249828.64301739,2333391.3674515877,68417000.56832562,24723442.30291842,43693558.265407205,0.0,43693558.265407205,46659015.704071164,0.2622875718271597,11460277.301922182,12238079.93286614
169,25651.32221868854,21909.83413058929,7701.659680044856,29611.493810634147,55262.81602932268,1679989.6072914095,59319761.03761676,6196137.669612177,2313345.6892402708,67829244.3964692,24511048.370381664,43318196.02608754,0.0,43318196.02608754,46258177.8388475,0.2602126000132836,11271940.415833328,12036960.727323366
170,25474.316184720803,21703.018324769255,7614.36230605149,29317.380630820742,54791.69681554155,1665667.583192463,58814056.095492594,6143315.180330443,2293624.262056022,67250995.53787905,24302090.038778037,42948905.49910101,0.0,42948905.49910101,45863823.769687824,0.258154043418773,11087433.615003701,11839931.552790944
171,25298.531574576504,21500.39440609098,7529.131556557048,29029.52596264803,54328.05753722454,1651572.949131626,58316380.20465807,6091331.350987263,2274215.9509542487,66681927.50659958,24096449.327830423,42585478.17876916,0.0,42585478.17876916,45475730.83974951,0.2561117721818992,10906642.285578165,11646870.016635293
172,25123.959959864147,21301.800626419943,7445.885543967451,28747.686170387395,53871.64613025154,1637698.0423596466,57826462.79650219,6040157.919830849,2255110.2043292336,66121730.92066227,23894014.438027244,42227716.48263502,0.0,42227716.48263502,45093688.05676441,0.25408565746827677,10729457.105874307,11457659.377572365
173,24950.592970352,21107.083741940147,7364.5467852334195,28471.630527173565,53422.22349752557,1624035.5943247774,57344047.22137017,5989768.078988644,2236297.0133852186,65570112.31374403,23694679.3211985,41875432.99254553,0.0,41875432.99254553,44717495.28261389,0.25207557146273674,10555773.701845454,11272188.17774713
174,24778.422293566855,20916.09843302404,7285.041897272224,28201.140330296264,52979.56262386312,1610578.7037654389,56868889.79847615,5940136.375227692,2217766.8750850093,65026793.04878885,23498343.287937753,41528449.7608511,0.0,41528449.7608511,44346962.49244062,0.25008138736126295,10385492.331156151,11090349.905367441
175,24607.43967439541,20728.706772962683,7207.301318165024,27936.008091127707,52543.44776552312,1597320.8120719027,56400758.945934065,5891238.619083592,2199510.7582230098,64491508.32324067,23304910.64812906,41186597.67511161,0.0,41186597.67511161,43981909.096237436,0.24810297936299303,10218517.593020111,10912042.684848832
176,24437.636914688464,20544.777740676414,7131.259051559531,27676.036792235944,52113.67370692441,1584255.680690502,55939434.38290936,5843051.801522709,2181520.072310821,63964006.25674289,23114290.381274424,40849715.87546846,0.0,40849715.87546846,43622163.31667684,0.24614022266228236,10054758.161278779,10737168.991777282
177,24269.005872867885,20364.18677308752,7056.852432001635,27421.039205089153,51690.04507795704,1571377.370369894,55484706.39681281,5795554.017398243,2163786.638999344,63444047.0532104,22926395.833696753,40517651.21951365,0.0,40517651.21951365,43267561.61766096,0.24419299344083079,9894126.538484566,10565635.390302226
178,24101.538463536188,20186.815353324848,6984.021909175693,27170.83726250054,51272.37572603673,1558680.2220715163,55036375.16925642,5748724.395044167,2146302.665792478,62931402.23009306,22741144.440023422,40190257.79006964,0.0,40190257.79006964,42917948.17869479,0.24226116885987178,9736538.829001838,10397352.290838005
179,23935.2266570889,20012.5506313566,6912.710849256961,26925.26148061356,50860.48813770246,1546158.8393861547,54594250.15518937,5702543.031424017,2129060.721834735,62425853.90844812,22558457.466643997,39867396.441804126,0.0,39867396.441804126,42573174.4107299,0.24034462705242327,9581914.529356519,10232233.726184648
